Email_address,First_name,Last_name,Course_id,Grades,Marks
george.garcia997@sjsu.edu,George,Garcia,DATA200,A,100
diana.wilson998@sjsu.edu,Diana,Wilson,DATA200,D,65
chris.anderson999@sjsu.edu,Chris,Anderson,DATA200,C-,70
bella.brown0@sjsu.edu,Bella,Brown,DATA200,B+,89
bella.anderson1@sjsu.edu,Bella,Anderson,DATA200,C,73
ivan.brown2@sjsu.edu,Ivan,Brown,DATA200,A-,90
eric.nguyen3@sjsu.edu,Eric,Nguyen,DATA200,B,84
alex.brown4@sjsu.edu,Alex,Brown,DATA200,A,99
george.garcia5@sjsu.edu,George,Garcia,DATA200,A,99
alex.clark6@sjsu.edu,Alex,Clark,DATA200,C,76
ivan.tran7@sjsu.edu,Ivan,Tran,DATA200,A-,90
alex.anderson8@sjsu.edu,Alex,Anderson,DATA200,C,73
ivan.lopez9@sjsu.edu,Ivan,Lopez,DATA200,C-,72
fiona.tran10@sjsu.edu,Fiona,Tran,DATA200,B,86
diana.wilson11@sjsu.edu,Diana,Wilson,DATA200,D-,62
eric.anderson12@sjsu.edu,Eric,Anderson,DATA200,B+,88
fiona.tran13@sjsu.edu,Fiona,Tran,DATA200,C-,72
fiona.nguyen14@sjsu.edu,Fiona,Nguyen,DATA200,D+,68
bella.anderson15@sjsu.edu,Bella,Anderson,DATA200,A-,91
hannah.lee16@sjsu.edu,Hannah,Lee,DATA200,B+,87
eric.smith17@sjsu.edu,Eric,Smith,DATA200,B+,89
eric.smith18@sjsu.edu,Eric,Smith,DATA200,A-,90
bella.anderson19@sjsu.edu,Bella,Anderson,DATA200,A,100
chris.lopez20@sjsu.edu,Chris,Lopez,DATA200,B+,88
bella.brown21@sjsu.edu,Bella,Brown,DATA200,A,96
julia.lee22@sjsu.edu,Julia,Lee,DATA200,C,75
ivan.tran23@sjsu.edu,Ivan,Tran,DATA200,B-,81
diana.lopez24@sjsu.edu,Diana,Lopez,DATA200,A,95
bella.lee25@sjsu.edu,Bella,Lee,DATA200,D,65
alex.lee26@sjsu.edu,Alex,Lee,DATA200,D-,61
alex.anderson27@sjsu.edu,Alex,Anderson,DATA200,A,96
ivan.tran28@sjsu.edu,Ivan,Tran,DATA200,A,96
diana.lee29@sjsu.edu,Diana,Lee,DATA200,A,98
george.brown30@sjsu.edu,George,Brown,DATA200,D+,68
chris.anderson31@sjsu.edu,Chris,Anderson,DATA200,C+,77
diana.brown32@sjsu.edu,Diana,Brown,DATA200,D-,61
ivan.tran33@sjsu.edu,Ivan,Tran,DATA200,D,66
fiona.lee34@sjsu.edu,Fiona,Lee,DATA200,D+,68
hannah.nguyen35@sjsu.edu,Hannah,Nguyen,DATA200,B+,87
george.wilson36@sjsu.edu,George,Wilson,DATA200,C-,71
eric.nguyen37@sjsu.edu,Eric,Nguyen,DATA200,C+,77
ivan.anderson38@sjsu.edu,Ivan,Anderson,DATA200,A,96
chris.brown39@sjsu.edu,Chris,Brown,DATA200,B,84
alex.tran40@sjsu.edu,Alex,Tran,DATA200,C-,70
george.lopez41@sjsu.edu,George,Lopez,DATA200,C,75
diana.nguyen42@sjsu.edu,Diana,Nguyen,DATA200,B-,82
julia.brown43@sjsu.edu,Julia,Brown,DATA200,D,64
julia.garcia44@sjsu.edu,Julia,Garcia,DATA200,A,95
julia.wilson45@sjsu.edu,Julia,Wilson,DATA200,A,99
alex.garcia46@sjsu.edu,Alex,Garcia,DATA200,D,65
fiona.smith47@sjsu.edu,Fiona,Smith,DATA200,A,100
hannah.garcia48@sjsu.edu,Hannah,Garcia,DATA200,D+,67
alex.nguyen49@sjsu.edu,Alex,Nguyen,DATA200,D,66
george.lopez50@sjsu.edu,George,Lopez,DATA200,B,86
julia.anderson51@sjsu.edu,Julia,Anderson,DATA200,B,83
alex.anderson52@sjsu.edu,Alex,Anderson,DATA200,A,98
alex.wilson53@sjsu.edu,Alex,Wilson,DATA200,C-,70
ivan.nguyen54@sjsu.edu,Ivan,Nguyen,DATA200,C,74
hannah.anderson55@sjsu.edu,Hannah,Anderson,DATA200,B+,89
diana.anderson56@sjsu.edu,Diana,Anderson,DATA200,C-,72
diana.anderson57@sjsu.edu,Diana,Anderson,DATA200,C+,77
ivan.garcia58@sjsu.edu,Ivan,Garcia,DATA200,B,84
george.tran59@sjsu.edu,George,Tran,DATA200,D,66
bella.lopez60@sjsu.edu,Bella,Lopez,DATA200,B,85
chris.clark61@sjsu.edu,Chris,Clark,DATA200,C-,71
hannah.brown62@sjsu.edu,Hannah,Brown,DATA200,B+,88
fiona.anderson63@sjsu.edu,Fiona,Anderson,DATA200,A,100
hannah.tran64@sjsu.edu,Hannah,Tran,DATA200,A,96
eric.tran65@sjsu.edu,Eric,Tran,DATA200,D-,62
bella.smith66@sjsu.edu,Bella,Smith,DATA200,D-,61
diana.lee67@sjsu.edu,Diana,Lee,DATA200,B,84
diana.brown68@sjsu.edu,Diana,Brown,DATA200,B,85
george.anderson69@sjsu.edu,George,Anderson,DATA200,A,99
alex.brown70@sjsu.edu,Alex,Brown,DATA200,B+,89
hannah.wilson71@sjsu.edu,Hannah,Wilson,DATA200,A,99
george.nguyen72@sjsu.edu,George,Nguyen,DATA200,D-,61
chris.garcia73@sjsu.edu,Chris,Garcia,DATA200,C+,78
ivan.lopez74@sjsu.edu,Ivan,Lopez,DATA200,B+,88
eric.brown75@sjsu.edu,Eric,Brown,DATA200,C+,77
diana.wilson76@sjsu.edu,Diana,Wilson,DATA200,C+,79
fiona.lopez77@sjsu.edu,Fiona,Lopez,DATA200,B,83
julia.smith78@sjsu.edu,Julia,Smith,DATA200,B,86
diana.clark79@sjsu.edu,Diana,Clark,DATA200,D,63
chris.lopez80@sjsu.edu,Chris,Lopez,DATA200,B+,89
bella.lopez81@sjsu.edu,Bella,Lopez,DATA200,D,65
eric.garcia82@sjsu.edu,Eric,Garcia,DATA200,B-,80
george.tran83@sjsu.edu,George,Tran,DATA200,D,66
george.garcia84@sjsu.edu,George,Garcia,DATA200,D+,69
hannah.tran85@sjsu.edu,Hannah,Tran,DATA200,B-,81
diana.lee86@sjsu.edu,Diana,Lee,DATA200,A-,90
george.anderson87@sjsu.edu,George,Anderson,DATA200,C,74
diana.brown88@sjsu.edu,Diana,Brown,DATA200,A-,90
chris.wilson89@sjsu.edu,Chris,Wilson,DATA200,B-,81
bella.smith90@sjsu.edu,Bella,Smith,DATA200,B+,87
george.lee91@sjsu.edu,George,Lee,DATA200,D+,67
diana.anderson92@sjsu.edu,Diana,Anderson,DATA200,B+,89
alex.lopez93@sjsu.edu,Alex,Lopez,DATA200,A-,91
george.nguyen94@sjsu.edu,George,Nguyen,DATA200,B,83
diana.tran95@sjsu.edu,Diana,Tran,DATA200,C+,79
bella.nguyen96@sjsu.edu,Bella,Nguyen,DATA200,C,73
bella.smith97@sjsu.edu,Bella,Smith,DATA200,C+,77
diana.anderson98@sjsu.edu,Diana,Anderson,DATA200,B,84
diana.wilson99@sjsu.edu,Diana,Wilson,DATA200,A,96
alex.wilson100@sjsu.edu,Alex,Wilson,DATA200,D-,62
eric.smith101@sjsu.edu,Eric,Smith,DATA200,D-,62
ivan.wilson102@sjsu.edu,Ivan,Wilson,DATA200,C,75
hannah.nguyen103@sjsu.edu,Hannah,Nguyen,DATA200,C-,72
bella.nguyen104@sjsu.edu,Bella,Nguyen,DATA200,C+,78
george.lopez105@sjsu.edu,George,Lopez,DATA200,B-,81
george.tran106@sjsu.edu,George,Tran,DATA200,C+,79
george.anderson107@sjsu.edu,George,Anderson,DATA200,A,100
eric.brown108@sjsu.edu,Eric,Brown,DATA200,C-,71
alex.lee109@sjsu.edu,Alex,Lee,DATA200,D+,67
hannah.smith110@sjsu.edu,Hannah,Smith,DATA200,C-,71
bella.brown111@sjsu.edu,Bella,Brown,DATA200,D+,69
fiona.garcia112@sjsu.edu,Fiona,Garcia,DATA200,A,99
bella.smith113@sjsu.edu,Bella,Smith,DATA200,A,99
diana.anderson114@sjsu.edu,Diana,Anderson,DATA200,C+,79
fiona.clark115@sjsu.edu,Fiona,Clark,DATA200,C,75
hannah.garcia116@sjsu.edu,Hannah,Garcia,DATA200,A,99
george.smith117@sjsu.edu,George,Smith,DATA200,C+,78
bella.tran118@sjsu.edu,Bella,Tran,DATA200,D-,61
chris.garcia119@sjsu.edu,Chris,Garcia,DATA200,B+,88
hannah.smith120@sjsu.edu,Hannah,Smith,DATA200,D,65
chris.clark121@sjsu.edu,Chris,Clark,DATA200,B-,81
eric.anderson122@sjsu.edu,Eric,Anderson,DATA200,B-,82
bella.lee123@sjsu.edu,Bella,Lee,DATA200,A-,92
julia.clark124@sjsu.edu,Julia,Clark,DATA200,C+,79
alex.garcia125@sjsu.edu,Alex,Garcia,DATA200,A,94
alex.brown126@sjsu.edu,Alex,Brown,DATA200,D,65
diana.wilson127@sjsu.edu,Diana,Wilson,DATA200,A-,92
alex.lee128@sjsu.edu,Alex,Lee,DATA200,C-,71
eric.nguyen129@sjsu.edu,Eric,Nguyen,DATA200,A-,90
hannah.anderson130@sjsu.edu,Hannah,Anderson,DATA200,B+,88
eric.anderson131@sjsu.edu,Eric,Anderson,DATA200,B-,80
diana.lopez132@sjsu.edu,Diana,Lopez,DATA200,D,64
george.lopez133@sjsu.edu,George,Lopez,DATA200,B+,88
george.tran134@sjsu.edu,George,Tran,DATA200,B,84
eric.clark135@sjsu.edu,Eric,Clark,DATA200,D-,60
bella.nguyen136@sjsu.edu,Bella,Nguyen,DATA200,D,63
george.nguyen137@sjsu.edu,George,Nguyen,DATA200,A,96
fiona.anderson138@sjsu.edu,Fiona,Anderson,DATA200,C+,79
fiona.brown139@sjsu.edu,Fiona,Brown,DATA200,A,98
hannah.brown140@sjsu.edu,Hannah,Brown,DATA200,C+,77
chris.nguyen141@sjsu.edu,Chris,Nguyen,DATA200,A-,92
hannah.nguyen142@sjsu.edu,Hannah,Nguyen,DATA200,C-,70
fiona.smith143@sjsu.edu,Fiona,Smith,DATA200,C,75
george.smith144@sjsu.edu,George,Smith,DATA200,C,74
ivan.garcia145@sjsu.edu,Ivan,Garcia,DATA200,B-,80
george.garcia146@sjsu.edu,George,Garcia,DATA200,A,94
bella.smith147@sjsu.edu,Bella,Smith,DATA200,D-,61
george.anderson148@sjsu.edu,George,Anderson,DATA200,A,100
ivan.garcia149@sjsu.edu,Ivan,Garcia,DATA200,D,63
chris.nguyen150@sjsu.edu,Chris,Nguyen,DATA200,D,64
eric.clark151@sjsu.edu,Eric,Clark,DATA200,D+,67
alex.lee152@sjsu.edu,Alex,Lee,DATA200,D-,61
alex.brown153@sjsu.edu,Alex,Brown,DATA200,B,85
eric.garcia154@sjsu.edu,Eric,Garcia,DATA200,A-,91
bella.anderson155@sjsu.edu,Bella,Anderson,DATA200,B,83
george.lopez156@sjsu.edu,George,Lopez,DATA200,A,98
eric.lopez157@sjsu.edu,Eric,Lopez,DATA200,D-,60
julia.wilson158@sjsu.edu,Julia,Wilson,DATA200,C,73
diana.lopez159@sjsu.edu,Diana,Lopez,DATA200,B+,89
george.wilson160@sjsu.edu,George,Wilson,DATA200,C,74
alex.lee161@sjsu.edu,Alex,Lee,DATA200,C+,78
alex.garcia162@sjsu.edu,Alex,Garcia,DATA200,B,85
bella.wilson163@sjsu.edu,Bella,Wilson,DATA200,C+,78
fiona.smith164@sjsu.edu,Fiona,Smith,DATA200,A-,92
hannah.lopez165@sjsu.edu,Hannah,Lopez,DATA200,D,64
ivan.anderson166@sjsu.edu,Ivan,Anderson,DATA200,C+,79
julia.garcia167@sjsu.edu,Julia,Garcia,DATA200,C-,72
hannah.clark168@sjsu.edu,Hannah,Clark,DATA200,C-,72
alex.wilson169@sjsu.edu,Alex,Wilson,DATA200,A,99
julia.brown170@sjsu.edu,Julia,Brown,DATA200,A,98
chris.anderson171@sjsu.edu,Chris,Anderson,DATA200,A,100
george.garcia172@sjsu.edu,George,Garcia,DATA200,B+,88
diana.anderson173@sjsu.edu,Diana,Anderson,DATA200,A,93
diana.garcia174@sjsu.edu,Diana,Garcia,DATA200,B+,88
eric.clark175@sjsu.edu,Eric,Clark,DATA200,C+,79
fiona.wilson176@sjsu.edu,Fiona,Wilson,DATA200,D+,68
diana.nguyen177@sjsu.edu,Diana,Nguyen,DATA200,D+,67
julia.lee178@sjsu.edu,Julia,Lee,DATA200,C-,71
alex.clark179@sjsu.edu,Alex,Clark,DATA200,D+,67
julia.wilson180@sjsu.edu,Julia,Wilson,DATA200,B-,80
ivan.lopez181@sjsu.edu,Ivan,Lopez,DATA200,D+,69
diana.garcia182@sjsu.edu,Diana,Garcia,DATA200,A,100
ivan.smith183@sjsu.edu,Ivan,Smith,DATA200,A,95
fiona.nguyen184@sjsu.edu,Fiona,Nguyen,DATA200,B+,89
fiona.garcia185@sjsu.edu,Fiona,Garcia,DATA200,A,99
george.brown186@sjsu.edu,George,Brown,DATA200,B,83
bella.lopez187@sjsu.edu,Bella,Lopez,DATA200,A,94
bella.nguyen188@sjsu.edu,Bella,Nguyen,DATA200,D,64
ivan.wilson189@sjsu.edu,Ivan,Wilson,DATA200,A,93
bella.lopez190@sjsu.edu,Bella,Lopez,DATA200,D+,67
bella.lee191@sjsu.edu,Bella,Lee,DATA200,B,85
ivan.clark192@sjsu.edu,Ivan,Clark,DATA200,C+,78
bella.lee193@sjsu.edu,Bella,Lee,DATA200,C,74
eric.garcia194@sjsu.edu,Eric,Garcia,DATA200,C,76
alex.garcia195@sjsu.edu,Alex,Garcia,DATA200,B+,88
eric.wilson196@sjsu.edu,Eric,Wilson,DATA200,B-,82
ivan.garcia197@sjsu.edu,Ivan,Garcia,DATA200,C,75
diana.clark198@sjsu.edu,Diana,Clark,DATA200,A,99
eric.wilson199@sjsu.edu,Eric,Wilson,DATA200,B-,81
george.garcia200@sjsu.edu,George,Garcia,DATA200,C+,78
diana.clark201@sjsu.edu,Diana,Clark,DATA200,B-,81
fiona.smith202@sjsu.edu,Fiona,Smith,DATA200,C-,72
george.garcia203@sjsu.edu,George,Garcia,DATA200,D-,61
george.lopez204@sjsu.edu,George,Lopez,DATA200,C,76
diana.wilson205@sjsu.edu,Diana,Wilson,DATA200,D-,61
diana.wilson206@sjsu.edu,Diana,Wilson,DATA200,D,63
diana.nguyen207@sjsu.edu,Diana,Nguyen,DATA200,A-,92
ivan.smith208@sjsu.edu,Ivan,Smith,DATA200,C-,72
julia.nguyen209@sjsu.edu,Julia,Nguyen,DATA200,A,93
ivan.anderson210@sjsu.edu,Ivan,Anderson,DATA200,C+,77
chris.clark211@sjsu.edu,Chris,Clark,DATA200,C+,79
ivan.brown212@sjsu.edu,Ivan,Brown,DATA200,B-,81
alex.nguyen213@sjsu.edu,Alex,Nguyen,DATA200,B-,81
fiona.brown214@sjsu.edu,Fiona,Brown,DATA200,C+,78
eric.nguyen215@sjsu.edu,Eric,Nguyen,DATA200,C-,70
ivan.clark216@sjsu.edu,Ivan,Clark,DATA200,B+,88
george.anderson217@sjsu.edu,George,Anderson,DATA200,C-,71
hannah.anderson218@sjsu.edu,Hannah,Anderson,DATA200,C-,70
alex.anderson219@sjsu.edu,Alex,Anderson,DATA200,A-,90
julia.lee220@sjsu.edu,Julia,Lee,DATA200,B+,88
ivan.clark221@sjsu.edu,Ivan,Clark,DATA200,C+,77
fiona.wilson222@sjsu.edu,Fiona,Wilson,DATA200,B-,80
george.lopez223@sjsu.edu,George,Lopez,DATA200,C,73
alex.clark224@sjsu.edu,Alex,Clark,DATA200,D+,67
chris.lee225@sjsu.edu,Chris,Lee,DATA200,D,65
hannah.clark226@sjsu.edu,Hannah,Clark,DATA200,C+,79
alex.lopez227@sjsu.edu,Alex,Lopez,DATA200,C,73
diana.tran228@sjsu.edu,Diana,Tran,DATA200,C+,77
fiona.brown229@sjsu.edu,Fiona,Brown,DATA200,A,98
fiona.anderson230@sjsu.edu,Fiona,Anderson,DATA200,C-,71
julia.lopez231@sjsu.edu,Julia,Lopez,DATA200,C-,70
diana.anderson232@sjsu.edu,Diana,Anderson,DATA200,B+,87
ivan.nguyen233@sjsu.edu,Ivan,Nguyen,DATA200,C,73
chris.tran234@sjsu.edu,Chris,Tran,DATA200,D,66
eric.tran235@sjsu.edu,Eric,Tran,DATA200,C,73
eric.garcia236@sjsu.edu,Eric,Garcia,DATA200,D,65
fiona.clark237@sjsu.edu,Fiona,Clark,DATA200,C+,79
alex.lopez238@sjsu.edu,Alex,Lopez,DATA200,C+,79
diana.garcia239@sjsu.edu,Diana,Garcia,DATA200,B-,81
fiona.nguyen240@sjsu.edu,Fiona,Nguyen,DATA200,C-,71
george.nguyen241@sjsu.edu,George,Nguyen,DATA200,A-,92
julia.garcia242@sjsu.edu,Julia,Garcia,DATA200,D+,69
diana.anderson243@sjsu.edu,Diana,Anderson,DATA200,A,97
bella.wilson244@sjsu.edu,Bella,Wilson,DATA200,C+,79
george.brown245@sjsu.edu,George,Brown,DATA200,B,86
bella.tran246@sjsu.edu,Bella,Tran,DATA200,C-,70
julia.lee247@sjsu.edu,Julia,Lee,DATA200,B,85
diana.wilson248@sjsu.edu,Diana,Wilson,DATA200,B+,88
alex.wilson249@sjsu.edu,Alex,Wilson,DATA200,C+,78
alex.tran250@sjsu.edu,Alex,Tran,DATA200,B+,89
eric.anderson251@sjsu.edu,Eric,Anderson,DATA200,B-,81
alex.tran252@sjsu.edu,Alex,Tran,DATA200,B+,89
fiona.lopez253@sjsu.edu,Fiona,Lopez,DATA200,D+,67
bella.wilson254@sjsu.edu,Bella,Wilson,DATA200,C,73
fiona.lopez255@sjsu.edu,Fiona,Lopez,DATA200,D+,69
hannah.anderson256@sjsu.edu,Hannah,Anderson,DATA200,B,85
george.tran257@sjsu.edu,George,Tran,DATA200,C,75
george.nguyen258@sjsu.edu,George,Nguyen,DATA200,B,85
george.wilson259@sjsu.edu,George,Wilson,DATA200,A,99
ivan.brown260@sjsu.edu,Ivan,Brown,DATA200,C-,70
hannah.lee261@sjsu.edu,Hannah,Lee,DATA200,D,63
bella.tran262@sjsu.edu,Bella,Tran,DATA200,B+,89
diana.brown263@sjsu.edu,Diana,Brown,DATA200,D,66
alex.tran264@sjsu.edu,Alex,Tran,DATA200,D,66
alex.anderson265@sjsu.edu,Alex,Anderson,DATA200,A,95
chris.anderson266@sjsu.edu,Chris,Anderson,DATA200,A,96
alex.lopez267@sjsu.edu,Alex,Lopez,DATA200,B-,81
george.wilson268@sjsu.edu,George,Wilson,DATA200,D+,67
julia.garcia269@sjsu.edu,Julia,Garcia,DATA200,A,100
ivan.smith270@sjsu.edu,Ivan,Smith,DATA200,B+,89
julia.smith271@sjsu.edu,Julia,Smith,DATA200,D,64
eric.lopez272@sjsu.edu,Eric,Lopez,DATA200,A,96
hannah.garcia273@sjsu.edu,Hannah,Garcia,DATA200,A,98
fiona.lopez274@sjsu.edu,Fiona,Lopez,DATA200,A,99
bella.clark275@sjsu.edu,Bella,Clark,DATA200,A-,91
chris.nguyen276@sjsu.edu,Chris,Nguyen,DATA200,A,93
fiona.wilson277@sjsu.edu,Fiona,Wilson,DATA200,A,93
hannah.wilson278@sjsu.edu,Hannah,Wilson,DATA200,B+,87
diana.nguyen279@sjsu.edu,Diana,Nguyen,DATA200,A,97
eric.nguyen280@sjsu.edu,Eric,Nguyen,DATA200,D-,60
chris.anderson281@sjsu.edu,Chris,Anderson,DATA200,A-,92
ivan.garcia282@sjsu.edu,Ivan,Garcia,DATA200,C,74
eric.garcia283@sjsu.edu,Eric,Garcia,DATA200,D,64
chris.lopez284@sjsu.edu,Chris,Lopez,DATA200,A,100
diana.nguyen285@sjsu.edu,Diana,Nguyen,DATA200,A-,92
ivan.brown286@sjsu.edu,Ivan,Brown,DATA200,B+,87
bella.tran287@sjsu.edu,Bella,Tran,DATA200,D-,60
fiona.wilson288@sjsu.edu,Fiona,Wilson,DATA200,A-,92
bella.smith289@sjsu.edu,Bella,Smith,DATA200,D-,62
chris.tran290@sjsu.edu,Chris,Tran,DATA200,B,83
diana.lopez291@sjsu.edu,Diana,Lopez,DATA200,D-,62
bella.anderson292@sjsu.edu,Bella,Anderson,DATA200,D-,61
diana.smith293@sjsu.edu,Diana,Smith,DATA200,B,85
julia.smith294@sjsu.edu,Julia,Smith,DATA200,C+,77
alex.brown295@sjsu.edu,Alex,Brown,DATA200,C,76
ivan.garcia296@sjsu.edu,Ivan,Garcia,DATA200,D,66
julia.wilson297@sjsu.edu,Julia,Wilson,DATA200,A-,90
bella.nguyen298@sjsu.edu,Bella,Nguyen,DATA200,B-,82
alex.lee299@sjsu.edu,Alex,Lee,DATA200,D-,60
george.clark300@sjsu.edu,George,Clark,DATA200,A,100
fiona.brown301@sjsu.edu,Fiona,Brown,DATA200,D-,61
hannah.nguyen302@sjsu.edu,Hannah,Nguyen,DATA200,B+,87
eric.brown303@sjsu.edu,Eric,Brown,DATA200,A-,91
diana.nguyen304@sjsu.edu,Diana,Nguyen,DATA200,A,96
fiona.lopez305@sjsu.edu,Fiona,Lopez,DATA200,A,93
diana.lopez306@sjsu.edu,Diana,Lopez,DATA200,D-,60
chris.brown307@sjsu.edu,Chris,Brown,DATA200,A,93
fiona.nguyen308@sjsu.edu,Fiona,Nguyen,DATA200,A,95
diana.smith309@sjsu.edu,Diana,Smith,DATA200,C-,72
hannah.brown310@sjsu.edu,Hannah,Brown,DATA200,D-,62
bella.lopez311@sjsu.edu,Bella,Lopez,DATA200,A,96
eric.smith312@sjsu.edu,Eric,Smith,DATA200,B-,80
bella.clark313@sjsu.edu,Bella,Clark,DATA200,D-,61
ivan.lopez314@sjsu.edu,Ivan,Lopez,DATA200,D+,68
alex.nguyen315@sjsu.edu,Alex,Nguyen,DATA200,A,98
chris.lopez316@sjsu.edu,Chris,Lopez,DATA200,A-,90
hannah.anderson317@sjsu.edu,Hannah,Anderson,DATA200,D+,69
ivan.lopez318@sjsu.edu,Ivan,Lopez,DATA200,D,64
julia.lee319@sjsu.edu,Julia,Lee,DATA200,C-,71
julia.tran320@sjsu.edu,Julia,Tran,DATA200,D+,67
hannah.nguyen321@sjsu.edu,Hannah,Nguyen,DATA200,D,66
alex.clark322@sjsu.edu,Alex,Clark,DATA200,A-,90
bella.anderson323@sjsu.edu,Bella,Anderson,DATA200,C,74
hannah.wilson324@sjsu.edu,Hannah,Wilson,DATA200,A,95
julia.lee325@sjsu.edu,Julia,Lee,DATA200,B,86
julia.brown326@sjsu.edu,Julia,Brown,DATA200,C,76
ivan.garcia327@sjsu.edu,Ivan,Garcia,DATA200,C-,71
eric.nguyen328@sjsu.edu,Eric,Nguyen,DATA200,A,96
chris.nguyen329@sjsu.edu,Chris,Nguyen,DATA200,C,74
ivan.wilson330@sjsu.edu,Ivan,Wilson,DATA200,C,76
hannah.nguyen331@sjsu.edu,Hannah,Nguyen,DATA200,C+,77
george.anderson332@sjsu.edu,George,Anderson,DATA200,B-,82
fiona.lee333@sjsu.edu,Fiona,Lee,DATA200,B+,87
alex.wilson334@sjsu.edu,Alex,Wilson,DATA200,B,85
diana.anderson335@sjsu.edu,Diana,Anderson,DATA200,B,86
hannah.lopez336@sjsu.edu,Hannah,Lopez,DATA200,A,99
chris.lopez337@sjsu.edu,Chris,Lopez,DATA200,C-,70
fiona.nguyen338@sjsu.edu,Fiona,Nguyen,DATA200,A-,91
hannah.garcia339@sjsu.edu,Hannah,Garcia,DATA200,D-,60
diana.anderson340@sjsu.edu,Diana,Anderson,DATA200,B+,87
diana.wilson341@sjsu.edu,Diana,Wilson,DATA200,C,75
chris.lopez342@sjsu.edu,Chris,Lopez,DATA200,B,84
alex.nguyen343@sjsu.edu,Alex,Nguyen,DATA200,A,95
eric.tran344@sjsu.edu,Eric,Tran,DATA200,A,94
alex.smith345@sjsu.edu,Alex,Smith,DATA200,C+,78
diana.smith346@sjsu.edu,Diana,Smith,DATA200,C,75
julia.lopez347@sjsu.edu,Julia,Lopez,DATA200,B,85
julia.brown348@sjsu.edu,Julia,Brown,DATA200,B,83
eric.nguyen349@sjsu.edu,Eric,Nguyen,DATA200,D-,60
alex.lopez350@sjsu.edu,Alex,Lopez,DATA200,A,94
hannah.lee351@sjsu.edu,Hannah,Lee,DATA200,A,95
ivan.nguyen352@sjsu.edu,Ivan,Nguyen,DATA200,C-,72
julia.nguyen353@sjsu.edu,Julia,Nguyen,DATA200,C-,71
george.lopez354@sjsu.edu,George,Lopez,DATA200,B+,87
eric.brown355@sjsu.edu,Eric,Brown,DATA200,A-,90
fiona.lopez356@sjsu.edu,Fiona,Lopez,DATA200,A,100
chris.smith357@sjsu.edu,Chris,Smith,DATA200,D,64
george.garcia358@sjsu.edu,George,Garcia,DATA200,D+,69
diana.wilson359@sjsu.edu,Diana,Wilson,DATA200,C,74
chris.brown360@sjsu.edu,Chris,Brown,DATA200,C,74
hannah.lopez361@sjsu.edu,Hannah,Lopez,DATA200,A,98
hannah.nguyen362@sjsu.edu,Hannah,Nguyen,DATA200,B-,82
diana.anderson363@sjsu.edu,Diana,Anderson,DATA200,B+,88
eric.nguyen364@sjsu.edu,Eric,Nguyen,DATA200,A-,92
diana.lopez365@sjsu.edu,Diana,Lopez,DATA200,A,98
diana.nguyen366@sjsu.edu,Diana,Nguyen,DATA200,A-,90
ivan.brown367@sjsu.edu,Ivan,Brown,DATA200,B,86
eric.smith368@sjsu.edu,Eric,Smith,DATA200,D-,61
bella.wilson369@sjsu.edu,Bella,Wilson,DATA200,B-,81
ivan.smith370@sjsu.edu,Ivan,Smith,DATA200,D+,68
hannah.clark371@sjsu.edu,Hannah,Clark,DATA200,A,96
hannah.tran372@sjsu.edu,Hannah,Tran,DATA200,C,75
george.nguyen373@sjsu.edu,George,Nguyen,DATA200,B-,82
eric.nguyen374@sjsu.edu,Eric,Nguyen,DATA200,D-,60
chris.nguyen375@sjsu.edu,Chris,Nguyen,DATA200,A-,91
george.lee376@sjsu.edu,George,Lee,DATA200,C,74
hannah.lee377@sjsu.edu,Hannah,Lee,DATA200,C-,70
george.smith378@sjsu.edu,George,Smith,DATA200,A,98
alex.clark379@sjsu.edu,Alex,Clark,DATA200,B+,89
bella.smith380@sjsu.edu,Bella,Smith,DATA200,A-,91
alex.clark381@sjsu.edu,Alex,Clark,DATA200,D+,67
julia.anderson382@sjsu.edu,Julia,Anderson,DATA200,B,85
diana.smith383@sjsu.edu,Diana,Smith,DATA200,A,93
hannah.brown384@sjsu.edu,Hannah,Brown,DATA200,B+,87
hannah.anderson385@sjsu.edu,Hannah,Anderson,DATA200,D,63
bella.smith386@sjsu.edu,Bella,Smith,DATA200,B,86
eric.smith387@sjsu.edu,Eric,Smith,DATA200,D+,67
chris.anderson388@sjsu.edu,Chris,Anderson,DATA200,C,75
hannah.clark389@sjsu.edu,Hannah,Clark,DATA200,B+,88
alex.lopez390@sjsu.edu,Alex,Lopez,DATA200,A-,90
eric.wilson391@sjsu.edu,Eric,Wilson,DATA200,A-,92
fiona.nguyen392@sjsu.edu,Fiona,Nguyen,DATA200,C-,71
hannah.tran393@sjsu.edu,Hannah,Tran,DATA200,C,75
eric.tran394@sjsu.edu,Eric,Tran,DATA200,D-,62
julia.brown395@sjsu.edu,Julia,Brown,DATA200,D,65
diana.wilson396@sjsu.edu,Diana,Wilson,DATA200,C+,78
ivan.tran397@sjsu.edu,Ivan,Tran,DATA200,B,85
julia.tran398@sjsu.edu,Julia,Tran,DATA200,D,64
chris.tran399@sjsu.edu,Chris,Tran,DATA200,D,66
bella.lee400@sjsu.edu,Bella,Lee,DATA200,B+,88
diana.smith401@sjsu.edu,Diana,Smith,DATA200,B-,81
diana.tran402@sjsu.edu,Diana,Tran,DATA200,D,65
bella.wilson403@sjsu.edu,Bella,Wilson,DATA200,D,65
bella.brown404@sjsu.edu,Bella,Brown,DATA200,A,96
fiona.anderson405@sjsu.edu,Fiona,Anderson,DATA200,A,94
ivan.lee406@sjsu.edu,Ivan,Lee,DATA200,C+,77
alex.nguyen407@sjsu.edu,Alex,Nguyen,DATA200,C-,72
julia.clark408@sjsu.edu,Julia,Clark,DATA200,B+,88
ivan.lopez409@sjsu.edu,Ivan,Lopez,DATA200,D,66
diana.lopez410@sjsu.edu,Diana,Lopez,DATA200,B-,82
ivan.lee411@sjsu.edu,Ivan,Lee,DATA200,A,100
george.garcia412@sjsu.edu,George,Garcia,DATA200,C,76
alex.brown413@sjsu.edu,Alex,Brown,DATA200,C,75
chris.smith414@sjsu.edu,Chris,Smith,DATA200,A,96
george.tran415@sjsu.edu,George,Tran,DATA200,D,63
bella.smith416@sjsu.edu,Bella,Smith,DATA200,C-,71
hannah.tran417@sjsu.edu,Hannah,Tran,DATA200,B,84
alex.wilson418@sjsu.edu,Alex,Wilson,DATA200,D-,60
george.smith419@sjsu.edu,George,Smith,DATA200,C,73
bella.garcia420@sjsu.edu,Bella,Garcia,DATA200,C+,79
bella.clark421@sjsu.edu,Bella,Clark,DATA200,B,83
alex.garcia422@sjsu.edu,Alex,Garcia,DATA200,A-,90
fiona.clark423@sjsu.edu,Fiona,Clark,DATA200,C-,70
george.nguyen424@sjsu.edu,George,Nguyen,DATA200,C+,77
eric.tran425@sjsu.edu,Eric,Tran,DATA200,A-,90
ivan.wilson426@sjsu.edu,Ivan,Wilson,DATA200,A-,92
george.tran427@sjsu.edu,George,Tran,DATA200,C,75
bella.lee428@sjsu.edu,Bella,Lee,DATA200,A,99
chris.lopez429@sjsu.edu,Chris,Lopez,DATA200,B-,81
alex.anderson430@sjsu.edu,Alex,Anderson,DATA200,C+,79
ivan.tran431@sjsu.edu,Ivan,Tran,DATA200,A,97
ivan.lopez432@sjsu.edu,Ivan,Lopez,DATA200,C+,78
hannah.tran433@sjsu.edu,Hannah,Tran,DATA200,C-,70
diana.brown434@sjsu.edu,Diana,Brown,DATA200,C+,77
eric.wilson435@sjsu.edu,Eric,Wilson,DATA200,A-,90
chris.wilson436@sjsu.edu,Chris,Wilson,DATA200,B,83
hannah.lee437@sjsu.edu,Hannah,Lee,DATA200,C+,79
ivan.brown438@sjsu.edu,Ivan,Brown,DATA200,A,93
hannah.wilson439@sjsu.edu,Hannah,Wilson,DATA200,C,74
hannah.lopez440@sjsu.edu,Hannah,Lopez,DATA200,A,93
chris.lee441@sjsu.edu,Chris,Lee,DATA200,B,86
hannah.brown442@sjsu.edu,Hannah,Brown,DATA200,A-,90
ivan.clark443@sjsu.edu,Ivan,Clark,DATA200,C,75
hannah.brown444@sjsu.edu,Hannah,Brown,DATA200,B+,89
diana.garcia445@sjsu.edu,Diana,Garcia,DATA200,A,99
fiona.smith446@sjsu.edu,Fiona,Smith,DATA200,C,76
hannah.brown447@sjsu.edu,Hannah,Brown,DATA200,C+,77
hannah.wilson448@sjsu.edu,Hannah,Wilson,DATA200,A-,90
hannah.smith449@sjsu.edu,Hannah,Smith,DATA200,A-,91
eric.lopez450@sjsu.edu,Eric,Lopez,DATA200,B-,81
alex.lopez451@sjsu.edu,Alex,Lopez,DATA200,D-,62
bella.lopez452@sjsu.edu,Bella,Lopez,DATA200,D,63
ivan.brown453@sjsu.edu,Ivan,Brown,DATA200,C,75
diana.tran454@sjsu.edu,Diana,Tran,DATA200,A-,92
hannah.tran455@sjsu.edu,Hannah,Tran,DATA200,B+,88
diana.tran456@sjsu.edu,Diana,Tran,DATA200,A,98
diana.brown457@sjsu.edu,Diana,Brown,DATA200,B,83
bella.garcia458@sjsu.edu,Bella,Garcia,DATA200,C,74
george.wilson459@sjsu.edu,George,Wilson,DATA200,C-,71
alex.brown460@sjsu.edu,Alex,Brown,DATA200,C+,77
diana.wilson461@sjsu.edu,Diana,Wilson,DATA200,C+,79
hannah.lopez462@sjsu.edu,Hannah,Lopez,DATA200,C+,78
alex.clark463@sjsu.edu,Alex,Clark,DATA200,A,97
diana.wilson464@sjsu.edu,Diana,Wilson,DATA200,A,97
hannah.nguyen465@sjsu.edu,Hannah,Nguyen,DATA200,A,94
ivan.anderson466@sjsu.edu,Ivan,Anderson,DATA200,C-,70
hannah.smith467@sjsu.edu,Hannah,Smith,DATA200,A,99
hannah.anderson468@sjsu.edu,Hannah,Anderson,DATA200,D-,61
alex.wilson469@sjsu.edu,Alex,Wilson,DATA200,D+,68
george.garcia470@sjsu.edu,George,Garcia,DATA200,A-,91
george.nguyen471@sjsu.edu,George,Nguyen,DATA200,C,76
eric.wilson472@sjsu.edu,Eric,Wilson,DATA200,C-,71
chris.tran473@sjsu.edu,Chris,Tran,DATA200,A-,90
bella.clark474@sjsu.edu,Bella,Clark,DATA200,B,86
diana.anderson475@sjsu.edu,Diana,Anderson,DATA200,C-,72
fiona.clark476@sjsu.edu,Fiona,Clark,DATA200,A,97
julia.lopez477@sjsu.edu,Julia,Lopez,DATA200,A,95
diana.tran478@sjsu.edu,Diana,Tran,DATA200,A-,92
fiona.smith479@sjsu.edu,Fiona,Smith,DATA200,D-,61
bella.brown480@sjsu.edu,Bella,Brown,DATA200,A,99
george.smith481@sjsu.edu,George,Smith,DATA200,B,86
george.smith482@sjsu.edu,George,Smith,DATA200,C-,71
george.clark483@sjsu.edu,George,Clark,DATA200,D-,60
george.smith484@sjsu.edu,George,Smith,DATA200,B,86
george.brown485@sjsu.edu,George,Brown,DATA200,D+,67
chris.garcia486@sjsu.edu,Chris,Garcia,DATA200,C-,72
eric.brown487@sjsu.edu,Eric,Brown,DATA200,D+,67
eric.lee488@sjsu.edu,Eric,Lee,DATA200,B-,80
bella.anderson489@sjsu.edu,Bella,Anderson,DATA200,B+,89
fiona.lopez490@sjsu.edu,Fiona,Lopez,DATA200,B,86
eric.smith491@sjsu.edu,Eric,Smith,DATA200,D+,67
chris.lopez492@sjsu.edu,Chris,Lopez,DATA200,A,100
julia.anderson493@sjsu.edu,Julia,Anderson,DATA200,D+,69
bella.lopez494@sjsu.edu,Bella,Lopez,DATA200,A-,92
alex.lee495@sjsu.edu,Alex,Lee,DATA200,C-,72
bella.clark496@sjsu.edu,Bella,Clark,DATA200,B,85
alex.lopez497@sjsu.edu,Alex,Lopez,DATA200,D,65
george.lee498@sjsu.edu,George,Lee,DATA200,D-,62
eric.anderson499@sjsu.edu,Eric,Anderson,DATA200,C,74
julia.clark500@sjsu.edu,Julia,Clark,DATA200,A,93
fiona.lopez501@sjsu.edu,Fiona,Lopez,DATA200,A-,90
julia.smith502@sjsu.edu,Julia,Smith,DATA200,C+,77
alex.brown503@sjsu.edu,Alex,Brown,DATA200,D+,67
chris.nguyen504@sjsu.edu,Chris,Nguyen,DATA200,A,98
ivan.brown505@sjsu.edu,Ivan,Brown,DATA200,B+,87
alex.anderson506@sjsu.edu,Alex,Anderson,DATA200,B-,80
bella.garcia507@sjsu.edu,Bella,Garcia,DATA200,A,93
chris.nguyen508@sjsu.edu,Chris,Nguyen,DATA200,D+,69
ivan.clark509@sjsu.edu,Ivan,Clark,DATA200,B,86
alex.lopez510@sjsu.edu,Alex,Lopez,DATA200,D-,62
fiona.brown511@sjsu.edu,Fiona,Brown,DATA200,B+,88
hannah.lee512@sjsu.edu,Hannah,Lee,DATA200,A,96
chris.nguyen513@sjsu.edu,Chris,Nguyen,DATA200,D+,69
diana.lee514@sjsu.edu,Diana,Lee,DATA200,C,73
julia.brown515@sjsu.edu,Julia,Brown,DATA200,B-,82
eric.lee516@sjsu.edu,Eric,Lee,DATA200,B,83
diana.wilson517@sjsu.edu,Diana,Wilson,DATA200,C-,72
diana.nguyen518@sjsu.edu,Diana,Nguyen,DATA200,C,74
chris.anderson519@sjsu.edu,Chris,Anderson,DATA200,B+,87
chris.lee520@sjsu.edu,Chris,Lee,DATA200,B,86
chris.anderson521@sjsu.edu,Chris,Anderson,DATA200,D-,61
ivan.garcia522@sjsu.edu,Ivan,Garcia,DATA200,B-,82
hannah.nguyen523@sjsu.edu,Hannah,Nguyen,DATA200,B+,87
fiona.smith524@sjsu.edu,Fiona,Smith,DATA200,C,73
chris.tran525@sjsu.edu,Chris,Tran,DATA200,D,65
chris.anderson526@sjsu.edu,Chris,Anderson,DATA200,B+,87
alex.lopez527@sjsu.edu,Alex,Lopez,DATA200,D-,62
diana.brown528@sjsu.edu,Diana,Brown,DATA200,D-,60
julia.brown529@sjsu.edu,Julia,Brown,DATA200,B+,88
diana.lee530@sjsu.edu,Diana,Lee,DATA200,A,98
diana.brown531@sjsu.edu,Diana,Brown,DATA200,C-,71
george.garcia532@sjsu.edu,George,Garcia,DATA200,A,99
ivan.lee533@sjsu.edu,Ivan,Lee,DATA200,D,64
bella.lee534@sjsu.edu,Bella,Lee,DATA200,C-,72
fiona.smith535@sjsu.edu,Fiona,Smith,DATA200,D+,68
alex.lopez536@sjsu.edu,Alex,Lopez,DATA200,D-,61
chris.clark537@sjsu.edu,Chris,Clark,DATA200,B-,81
ivan.brown538@sjsu.edu,Ivan,Brown,DATA200,A-,91
ivan.garcia539@sjsu.edu,Ivan,Garcia,DATA200,A,99
bella.smith540@sjsu.edu,Bella,Smith,DATA200,A,94
ivan.nguyen541@sjsu.edu,Ivan,Nguyen,DATA200,D,66
hannah.brown542@sjsu.edu,Hannah,Brown,DATA200,B,83
eric.nguyen543@sjsu.edu,Eric,Nguyen,DATA200,A,99
hannah.lopez544@sjsu.edu,Hannah,Lopez,DATA200,A,93
alex.brown545@sjsu.edu,Alex,Brown,DATA200,D+,69
ivan.tran546@sjsu.edu,Ivan,Tran,DATA200,C,74
chris.smith547@sjsu.edu,Chris,Smith,DATA200,A-,92
fiona.tran548@sjsu.edu,Fiona,Tran,DATA200,B-,80
hannah.lee549@sjsu.edu,Hannah,Lee,DATA200,C,75
bella.smith550@sjsu.edu,Bella,Smith,DATA200,B+,89
diana.anderson551@sjsu.edu,Diana,Anderson,DATA200,C-,72
julia.garcia552@sjsu.edu,Julia,Garcia,DATA200,A-,92
hannah.lopez553@sjsu.edu,Hannah,Lopez,DATA200,A,99
julia.brown554@sjsu.edu,Julia,Brown,DATA200,B+,87
julia.anderson555@sjsu.edu,Julia,Anderson,DATA200,C-,70
hannah.tran556@sjsu.edu,Hannah,Tran,DATA200,D+,67
bella.nguyen557@sjsu.edu,Bella,Nguyen,DATA200,C-,70
eric.wilson558@sjsu.edu,Eric,Wilson,DATA200,B,83
george.lee559@sjsu.edu,George,Lee,DATA200,C+,79
diana.wilson560@sjsu.edu,Diana,Wilson,DATA200,A,99
hannah.lopez561@sjsu.edu,Hannah,Lopez,DATA200,C,76
bella.clark562@sjsu.edu,Bella,Clark,DATA200,C+,79
julia.nguyen563@sjsu.edu,Julia,Nguyen,DATA200,C+,77
george.wilson564@sjsu.edu,George,Wilson,DATA200,B-,82
bella.clark565@sjsu.edu,Bella,Clark,DATA200,A,96
alex.clark566@sjsu.edu,Alex,Clark,DATA200,B-,82
fiona.nguyen567@sjsu.edu,Fiona,Nguyen,DATA200,B,83
julia.anderson568@sjsu.edu,Julia,Anderson,DATA200,A,99
george.wilson569@sjsu.edu,George,Wilson,DATA200,B,85
george.wilson570@sjsu.edu,George,Wilson,DATA200,A,100
alex.anderson571@sjsu.edu,Alex,Anderson,DATA200,A,95
ivan.tran572@sjsu.edu,Ivan,Tran,DATA200,D-,60
fiona.wilson573@sjsu.edu,Fiona,Wilson,DATA200,A,97
hannah.lopez574@sjsu.edu,Hannah,Lopez,DATA200,A,95
george.wilson575@sjsu.edu,George,Wilson,DATA200,B-,82
chris.tran576@sjsu.edu,Chris,Tran,DATA200,D-,62
julia.brown577@sjsu.edu,Julia,Brown,DATA200,D,63
hannah.smith578@sjsu.edu,Hannah,Smith,DATA200,B+,88
eric.clark579@sjsu.edu,Eric,Clark,DATA200,C+,79
eric.wilson580@sjsu.edu,Eric,Wilson,DATA200,B,83
fiona.brown581@sjsu.edu,Fiona,Brown,DATA200,D,66
alex.clark582@sjsu.edu,Alex,Clark,DATA200,B-,82
julia.clark583@sjsu.edu,Julia,Clark,DATA200,C,73
diana.lee584@sjsu.edu,Diana,Lee,DATA200,A-,92
george.garcia585@sjsu.edu,George,Garcia,DATA200,C-,70
chris.anderson586@sjsu.edu,Chris,Anderson,DATA200,D,63
alex.smith587@sjsu.edu,Alex,Smith,DATA200,A-,92
eric.tran588@sjsu.edu,Eric,Tran,DATA200,C,73
george.brown589@sjsu.edu,George,Brown,DATA200,C-,71
hannah.lee590@sjsu.edu,Hannah,Lee,DATA200,C,74
george.lopez591@sjsu.edu,George,Lopez,DATA200,A,98
fiona.garcia592@sjsu.edu,Fiona,Garcia,DATA200,B,86
eric.lopez593@sjsu.edu,Eric,Lopez,DATA200,D-,61
george.brown594@sjsu.edu,George,Brown,DATA200,B,85
diana.brown595@sjsu.edu,Diana,Brown,DATA200,B,85
diana.lopez596@sjsu.edu,Diana,Lopez,DATA200,D+,68
diana.anderson597@sjsu.edu,Diana,Anderson,DATA200,A-,91
fiona.nguyen598@sjsu.edu,Fiona,Nguyen,DATA200,A,100
diana.wilson599@sjsu.edu,Diana,Wilson,DATA200,B-,81
bella.nguyen600@sjsu.edu,Bella,Nguyen,DATA200,B,83
hannah.brown601@sjsu.edu,Hannah,Brown,DATA200,D+,67
hannah.tran602@sjsu.edu,Hannah,Tran,DATA200,D-,62
eric.wilson603@sjsu.edu,Eric,Wilson,DATA200,C-,70
ivan.wilson604@sjsu.edu,Ivan,Wilson,DATA200,C,73
eric.anderson605@sjsu.edu,Eric,Anderson,DATA200,C-,72
ivan.wilson606@sjsu.edu,Ivan,Wilson,DATA200,C,76
eric.nguyen607@sjsu.edu,Eric,Nguyen,DATA200,A,98
george.smith608@sjsu.edu,George,Smith,DATA200,D,66
eric.nguyen609@sjsu.edu,Eric,Nguyen,DATA200,A-,91
chris.smith610@sjsu.edu,Chris,Smith,DATA200,B+,88
bella.smith611@sjsu.edu,Bella,Smith,DATA200,A-,92
bella.lopez612@sjsu.edu,Bella,Lopez,DATA200,B-,80
alex.garcia613@sjsu.edu,Alex,Garcia,DATA200,D,63
chris.nguyen614@sjsu.edu,Chris,Nguyen,DATA200,B-,81
julia.lopez615@sjsu.edu,Julia,Lopez,DATA200,D+,67
bella.clark616@sjsu.edu,Bella,Clark,DATA200,B,84
diana.wilson617@sjsu.edu,Diana,Wilson,DATA200,A-,91
diana.tran618@sjsu.edu,Diana,Tran,DATA200,D-,62
diana.lopez619@sjsu.edu,Diana,Lopez,DATA200,C+,79
julia.nguyen620@sjsu.edu,Julia,Nguyen,DATA200,A,93
chris.wilson621@sjsu.edu,Chris,Wilson,DATA200,D,65
chris.lee622@sjsu.edu,Chris,Lee,DATA200,C-,71
julia.clark623@sjsu.edu,Julia,Clark,DATA200,C+,77
alex.lopez624@sjsu.edu,Alex,Lopez,DATA200,A,98
george.lee625@sjsu.edu,George,Lee,DATA200,C,75
julia.clark626@sjsu.edu,Julia,Clark,DATA200,A,96
fiona.garcia627@sjsu.edu,Fiona,Garcia,DATA200,B-,82
chris.lopez628@sjsu.edu,Chris,Lopez,DATA200,B-,82
ivan.tran629@sjsu.edu,Ivan,Tran,DATA200,D+,69
fiona.garcia630@sjsu.edu,Fiona,Garcia,DATA200,D,64
hannah.wilson631@sjsu.edu,Hannah,Wilson,DATA200,A-,90
chris.wilson632@sjsu.edu,Chris,Wilson,DATA200,B-,82
chris.brown633@sjsu.edu,Chris,Brown,DATA200,C-,71
diana.garcia634@sjsu.edu,Diana,Garcia,DATA200,C-,72
alex.smith635@sjsu.edu,Alex,Smith,DATA200,B-,80
ivan.clark636@sjsu.edu,Ivan,Clark,DATA200,A,99
eric.wilson637@sjsu.edu,Eric,Wilson,DATA200,A,96
george.anderson638@sjsu.edu,George,Anderson,DATA200,C-,70
hannah.wilson639@sjsu.edu,Hannah,Wilson,DATA200,C+,79
hannah.tran640@sjsu.edu,Hannah,Tran,DATA200,B-,80
ivan.tran641@sjsu.edu,Ivan,Tran,DATA200,B-,81
hannah.smith642@sjsu.edu,Hannah,Smith,DATA200,B-,81
alex.garcia643@sjsu.edu,Alex,Garcia,DATA200,C,75
fiona.tran644@sjsu.edu,Fiona,Tran,DATA200,C+,79
fiona.brown645@sjsu.edu,Fiona,Brown,DATA200,D,66
eric.lopez646@sjsu.edu,Eric,Lopez,DATA200,C,73
bella.brown647@sjsu.edu,Bella,Brown,DATA200,D-,60
chris.clark648@sjsu.edu,Chris,Clark,DATA200,C-,72
george.garcia649@sjsu.edu,George,Garcia,DATA200,C+,78
george.wilson650@sjsu.edu,George,Wilson,DATA200,C-,70
fiona.nguyen651@sjsu.edu,Fiona,Nguyen,DATA200,D-,62
alex.anderson652@sjsu.edu,Alex,Anderson,DATA200,A,94
julia.garcia653@sjsu.edu,Julia,Garcia,DATA200,D-,62
fiona.lopez654@sjsu.edu,Fiona,Lopez,DATA200,C+,78
diana.clark655@sjsu.edu,Diana,Clark,DATA200,A,95
eric.tran656@sjsu.edu,Eric,Tran,DATA200,D+,69
chris.wilson657@sjsu.edu,Chris,Wilson,DATA200,C,76
fiona.tran658@sjsu.edu,Fiona,Tran,DATA200,B-,81
fiona.tran659@sjsu.edu,Fiona,Tran,DATA200,B,85
bella.brown660@sjsu.edu,Bella,Brown,DATA200,C,73
alex.wilson661@sjsu.edu,Alex,Wilson,DATA200,D,65
bella.lopez662@sjsu.edu,Bella,Lopez,DATA200,C+,78
bella.anderson663@sjsu.edu,Bella,Anderson,DATA200,D-,62
chris.lopez664@sjsu.edu,Chris,Lopez,DATA200,D-,61
fiona.nguyen665@sjsu.edu,Fiona,Nguyen,DATA200,C+,77
diana.smith666@sjsu.edu,Diana,Smith,DATA200,D,66
alex.wilson667@sjsu.edu,Alex,Wilson,DATA200,B,84
julia.anderson668@sjsu.edu,Julia,Anderson,DATA200,D+,67
chris.garcia669@sjsu.edu,Chris,Garcia,DATA200,C+,77
hannah.smith670@sjsu.edu,Hannah,Smith,DATA200,A,94
fiona.tran671@sjsu.edu,Fiona,Tran,DATA200,C-,70
diana.anderson672@sjsu.edu,Diana,Anderson,DATA200,B,83
eric.smith673@sjsu.edu,Eric,Smith,DATA200,D,65
fiona.garcia674@sjsu.edu,Fiona,Garcia,DATA200,B-,80
ivan.lee675@sjsu.edu,Ivan,Lee,DATA200,D,65
george.anderson676@sjsu.edu,George,Anderson,DATA200,D-,62
chris.tran677@sjsu.edu,Chris,Tran,DATA200,B-,81
eric.nguyen678@sjsu.edu,Eric,Nguyen,DATA200,C,76
fiona.lopez679@sjsu.edu,Fiona,Lopez,DATA200,A-,90
george.lopez680@sjsu.edu,George,Lopez,DATA200,A,93
fiona.smith681@sjsu.edu,Fiona,Smith,DATA200,A,98
julia.anderson682@sjsu.edu,Julia,Anderson,DATA200,C+,77
chris.tran683@sjsu.edu,Chris,Tran,DATA200,C+,79
bella.garcia684@sjsu.edu,Bella,Garcia,DATA200,B+,89
fiona.tran685@sjsu.edu,Fiona,Tran,DATA200,A,93
hannah.garcia686@sjsu.edu,Hannah,Garcia,DATA200,B,83
julia.lopez687@sjsu.edu,Julia,Lopez,DATA200,C,75
bella.nguyen688@sjsu.edu,Bella,Nguyen,DATA200,A,96
ivan.smith689@sjsu.edu,Ivan,Smith,DATA200,A,95
alex.tran690@sjsu.edu,Alex,Tran,DATA200,B-,82
george.clark691@sjsu.edu,George,Clark,DATA200,C+,78
george.smith692@sjsu.edu,George,Smith,DATA200,C-,70
eric.smith693@sjsu.edu,Eric,Smith,DATA200,A,96
chris.clark694@sjsu.edu,Chris,Clark,DATA200,D+,68
hannah.smith695@sjsu.edu,Hannah,Smith,DATA200,C+,77
fiona.lopez696@sjsu.edu,Fiona,Lopez,DATA200,C-,71
diana.smith697@sjsu.edu,Diana,Smith,DATA200,C-,71
bella.garcia698@sjsu.edu,Bella,Garcia,DATA200,A-,90
fiona.tran699@sjsu.edu,Fiona,Tran,DATA200,A-,92
julia.lopez700@sjsu.edu,Julia,Lopez,DATA200,A,95
eric.clark701@sjsu.edu,Eric,Clark,DATA200,C+,78
ivan.nguyen702@sjsu.edu,Ivan,Nguyen,DATA200,D-,62
julia.garcia703@sjsu.edu,Julia,Garcia,DATA200,D,65
george.wilson704@sjsu.edu,George,Wilson,DATA200,B-,80
george.wilson705@sjsu.edu,George,Wilson,DATA200,A,99
fiona.lopez706@sjsu.edu,Fiona,Lopez,DATA200,B-,82
chris.brown707@sjsu.edu,Chris,Brown,DATA200,B-,80
julia.lopez708@sjsu.edu,Julia,Lopez,DATA200,A,100
hannah.brown709@sjsu.edu,Hannah,Brown,DATA200,D+,68
eric.brown710@sjsu.edu,Eric,Brown,DATA200,A,99
alex.brown711@sjsu.edu,Alex,Brown,DATA200,C-,72
julia.anderson712@sjsu.edu,Julia,Anderson,DATA200,B-,82
george.lopez713@sjsu.edu,George,Lopez,DATA200,C-,72
george.anderson714@sjsu.edu,George,Anderson,DATA200,A,99
julia.anderson715@sjsu.edu,Julia,Anderson,DATA200,C,74
chris.nguyen716@sjsu.edu,Chris,Nguyen,DATA200,B-,81
george.smith717@sjsu.edu,George,Smith,DATA200,B-,80
diana.brown718@sjsu.edu,Diana,Brown,DATA200,B-,81
alex.garcia719@sjsu.edu,Alex,Garcia,DATA200,D,64
chris.nguyen720@sjsu.edu,Chris,Nguyen,DATA200,B,84
fiona.lopez721@sjsu.edu,Fiona,Lopez,DATA200,A,93
hannah.lee722@sjsu.edu,Hannah,Lee,DATA200,C+,77
george.lee723@sjsu.edu,George,Lee,DATA200,C-,71
bella.lopez724@sjsu.edu,Bella,Lopez,DATA200,A,97
george.lee725@sjsu.edu,George,Lee,DATA200,A-,91
eric.wilson726@sjsu.edu,Eric,Wilson,DATA200,D+,67
ivan.smith727@sjsu.edu,Ivan,Smith,DATA200,D-,61
george.anderson728@sjsu.edu,George,Anderson,DATA200,B-,80
fiona.brown729@sjsu.edu,Fiona,Brown,DATA200,D-,61
diana.wilson730@sjsu.edu,Diana,Wilson,DATA200,B,83
diana.brown731@sjsu.edu,Diana,Brown,DATA200,C-,72
hannah.smith732@sjsu.edu,Hannah,Smith,DATA200,D,65
chris.tran733@sjsu.edu,Chris,Tran,DATA200,B+,87
george.clark734@sjsu.edu,George,Clark,DATA200,D+,68
chris.tran735@sjsu.edu,Chris,Tran,DATA200,A,99
ivan.nguyen736@sjsu.edu,Ivan,Nguyen,DATA200,D-,62
chris.anderson737@sjsu.edu,Chris,Anderson,DATA200,D+,69
julia.smith738@sjsu.edu,Julia,Smith,DATA200,D,63
julia.anderson739@sjsu.edu,Julia,Anderson,DATA200,B-,82
chris.tran740@sjsu.edu,Chris,Tran,DATA200,A,96
diana.anderson741@sjsu.edu,Diana,Anderson,DATA200,C+,77
george.nguyen742@sjsu.edu,George,Nguyen,DATA200,A,94
bella.garcia743@sjsu.edu,Bella,Garcia,DATA200,B-,82
bella.tran744@sjsu.edu,Bella,Tran,DATA200,C,73
george.tran745@sjsu.edu,George,Tran,DATA200,B,84
julia.anderson746@sjsu.edu,Julia,Anderson,DATA200,A,97
eric.clark747@sjsu.edu,Eric,Clark,DATA200,D,65
george.brown748@sjsu.edu,George,Brown,DATA200,B,86
george.smith749@sjsu.edu,George,Smith,DATA200,B-,82
julia.smith750@sjsu.edu,Julia,Smith,DATA200,D,65
chris.wilson751@sjsu.edu,Chris,Wilson,DATA200,C+,79
diana.anderson752@sjsu.edu,Diana,Anderson,DATA200,D+,68
julia.brown753@sjsu.edu,Julia,Brown,DATA200,A,95
hannah.garcia754@sjsu.edu,Hannah,Garcia,DATA200,A-,91
chris.garcia755@sjsu.edu,Chris,Garcia,DATA200,A,96
ivan.tran756@sjsu.edu,Ivan,Tran,DATA200,D+,67
chris.smith757@sjsu.edu,Chris,Smith,DATA200,A-,91
bella.lopez758@sjsu.edu,Bella,Lopez,DATA200,D,63
fiona.wilson759@sjsu.edu,Fiona,Wilson,DATA200,C,75
chris.clark760@sjsu.edu,Chris,Clark,DATA200,A,94
fiona.anderson761@sjsu.edu,Fiona,Anderson,DATA200,C-,71
george.lopez762@sjsu.edu,George,Lopez,DATA200,B+,87
chris.lee763@sjsu.edu,Chris,Lee,DATA200,B+,88
julia.brown764@sjsu.edu,Julia,Brown,DATA200,C,73
ivan.lee765@sjsu.edu,Ivan,Lee,DATA200,B,83
diana.garcia766@sjsu.edu,Diana,Garcia,DATA200,D-,61
julia.lopez767@sjsu.edu,Julia,Lopez,DATA200,C+,77
chris.anderson768@sjsu.edu,Chris,Anderson,DATA200,B-,82
chris.garcia769@sjsu.edu,Chris,Garcia,DATA200,D-,61
julia.brown770@sjsu.edu,Julia,Brown,DATA200,C-,72
hannah.tran771@sjsu.edu,Hannah,Tran,DATA200,A,100
ivan.anderson772@sjsu.edu,Ivan,Anderson,DATA200,D,66
fiona.wilson773@sjsu.edu,Fiona,Wilson,DATA200,D,64
eric.lee774@sjsu.edu,Eric,Lee,DATA200,D+,67
eric.garcia775@sjsu.edu,Eric,Garcia,DATA200,C+,78
fiona.tran776@sjsu.edu,Fiona,Tran,DATA200,D+,68
bella.anderson777@sjsu.edu,Bella,Anderson,DATA200,C,73
chris.tran778@sjsu.edu,Chris,Tran,DATA200,D,66
bella.wilson779@sjsu.edu,Bella,Wilson,DATA200,D,66
diana.lopez780@sjsu.edu,Diana,Lopez,DATA200,A,100
eric.brown781@sjsu.edu,Eric,Brown,DATA200,D,64
eric.smith782@sjsu.edu,Eric,Smith,DATA200,A,93
chris.brown783@sjsu.edu,Chris,Brown,DATA200,A-,90
chris.clark784@sjsu.edu,Chris,Clark,DATA200,B-,82
ivan.anderson785@sjsu.edu,Ivan,Anderson,DATA200,B-,82
alex.tran786@sjsu.edu,Alex,Tran,DATA200,D+,68
fiona.lopez787@sjsu.edu,Fiona,Lopez,DATA200,D-,62
bella.smith788@sjsu.edu,Bella,Smith,DATA200,D-,61
ivan.anderson789@sjsu.edu,Ivan,Anderson,DATA200,C,74
chris.lee790@sjsu.edu,Chris,Lee,DATA200,D,64
fiona.lee791@sjsu.edu,Fiona,Lee,DATA200,D-,60
hannah.wilson792@sjsu.edu,Hannah,Wilson,DATA200,B,86
bella.smith793@sjsu.edu,Bella,Smith,DATA200,D+,68
eric.smith794@sjsu.edu,Eric,Smith,DATA200,C-,71
fiona.wilson795@sjsu.edu,Fiona,Wilson,DATA200,A-,90
chris.nguyen796@sjsu.edu,Chris,Nguyen,DATA200,D-,61
chris.tran797@sjsu.edu,Chris,Tran,DATA200,C+,78
bella.garcia798@sjsu.edu,Bella,Garcia,DATA200,D+,67
george.garcia799@sjsu.edu,George,Garcia,DATA200,D,64
george.wilson800@sjsu.edu,George,Wilson,DATA200,A-,91
ivan.tran801@sjsu.edu,Ivan,Tran,DATA200,C,74
julia.smith802@sjsu.edu,Julia,Smith,DATA200,C,75
fiona.garcia803@sjsu.edu,Fiona,Garcia,DATA200,D,65
hannah.wilson804@sjsu.edu,Hannah,Wilson,DATA200,D,64
chris.tran805@sjsu.edu,Chris,Tran,DATA200,D-,62
ivan.tran806@sjsu.edu,Ivan,Tran,DATA200,B,83
eric.anderson807@sjsu.edu,Eric,Anderson,DATA200,C+,77
fiona.nguyen808@sjsu.edu,Fiona,Nguyen,DATA200,B,86
eric.tran809@sjsu.edu,Eric,Tran,DATA200,D,66
hannah.garcia810@sjsu.edu,Hannah,Garcia,DATA200,C+,78
hannah.wilson811@sjsu.edu,Hannah,Wilson,DATA200,D,63
eric.tran812@sjsu.edu,Eric,Tran,DATA200,D-,60
fiona.lopez813@sjsu.edu,Fiona,Lopez,DATA200,A,95
fiona.brown814@sjsu.edu,Fiona,Brown,DATA200,C,74
hannah.tran815@sjsu.edu,Hannah,Tran,DATA200,C,76
ivan.clark816@sjsu.edu,Ivan,Clark,DATA200,D-,61
alex.nguyen817@sjsu.edu,Alex,Nguyen,DATA200,C+,78
fiona.garcia818@sjsu.edu,Fiona,Garcia,DATA200,B,84
ivan.nguyen819@sjsu.edu,Ivan,Nguyen,DATA200,D-,62
chris.lopez820@sjsu.edu,Chris,Lopez,DATA200,B-,81
alex.anderson821@sjsu.edu,Alex,Anderson,DATA200,C-,70
bella.garcia822@sjsu.edu,Bella,Garcia,DATA200,C,73
julia.anderson823@sjsu.edu,Julia,Anderson,DATA200,A-,92
fiona.brown824@sjsu.edu,Fiona,Brown,DATA200,A-,91
hannah.tran825@sjsu.edu,Hannah,Tran,DATA200,C,76
ivan.nguyen826@sjsu.edu,Ivan,Nguyen,DATA200,C,75
george.garcia827@sjsu.edu,George,Garcia,DATA200,B-,82
alex.nguyen828@sjsu.edu,Alex,Nguyen,DATA200,A,100
eric.brown829@sjsu.edu,Eric,Brown,DATA200,C,73
julia.clark830@sjsu.edu,Julia,Clark,DATA200,C,73
hannah.nguyen831@sjsu.edu,Hannah,Nguyen,DATA200,C,75
eric.nguyen832@sjsu.edu,Eric,Nguyen,DATA200,D+,68
chris.wilson833@sjsu.edu,Chris,Wilson,DATA200,A-,90
ivan.lee834@sjsu.edu,Ivan,Lee,DATA200,C,74
george.wilson835@sjsu.edu,George,Wilson,DATA200,A,98
alex.lopez836@sjsu.edu,Alex,Lopez,DATA200,C-,70
eric.smith837@sjsu.edu,Eric,Smith,DATA200,A,96
bella.tran838@sjsu.edu,Bella,Tran,DATA200,B-,82
chris.lopez839@sjsu.edu,Chris,Lopez,DATA200,A,94
julia.tran840@sjsu.edu,Julia,Tran,DATA200,A,98
diana.wilson841@sjsu.edu,Diana,Wilson,DATA200,D+,69
diana.tran842@sjsu.edu,Diana,Tran,DATA200,C-,70
ivan.anderson843@sjsu.edu,Ivan,Anderson,DATA200,B,86
eric.anderson844@sjsu.edu,Eric,Anderson,DATA200,B-,82
ivan.clark845@sjsu.edu,Ivan,Clark,DATA200,B,85
ivan.tran846@sjsu.edu,Ivan,Tran,DATA200,C,73
ivan.smith847@sjsu.edu,Ivan,Smith,DATA200,A-,92
hannah.garcia848@sjsu.edu,Hannah,Garcia,DATA200,B-,82
chris.lee849@sjsu.edu,Chris,Lee,DATA200,B-,82
ivan.lee850@sjsu.edu,Ivan,Lee,DATA200,A,96
alex.brown851@sjsu.edu,Alex,Brown,DATA200,B-,82
bella.anderson852@sjsu.edu,Bella,Anderson,DATA200,C+,79
chris.lee853@sjsu.edu,Chris,Lee,DATA200,A,96
bella.lee854@sjsu.edu,Bella,Lee,DATA200,C-,72
julia.anderson855@sjsu.edu,Julia,Anderson,DATA200,D,65
eric.nguyen856@sjsu.edu,Eric,Nguyen,DATA200,D,66
julia.garcia857@sjsu.edu,Julia,Garcia,DATA200,B+,87
fiona.smith858@sjsu.edu,Fiona,Smith,DATA200,C,76
chris.clark859@sjsu.edu,Chris,Clark,DATA200,B+,89
julia.clark860@sjsu.edu,Julia,Clark,DATA200,A-,92
bella.lopez861@sjsu.edu,Bella,Lopez,DATA200,D-,62
george.garcia862@sjsu.edu,George,Garcia,DATA200,C-,72
chris.nguyen863@sjsu.edu,Chris,Nguyen,DATA200,B+,87
julia.wilson864@sjsu.edu,Julia,Wilson,DATA200,A,94
diana.lopez865@sjsu.edu,Diana,Lopez,DATA200,C+,79
diana.tran866@sjsu.edu,Diana,Tran,DATA200,B-,81
alex.anderson867@sjsu.edu,Alex,Anderson,DATA200,C+,78
eric.garcia868@sjsu.edu,Eric,Garcia,DATA200,B+,89
diana.smith869@sjsu.edu,Diana,Smith,DATA200,C,74
julia.lopez870@sjsu.edu,Julia,Lopez,DATA200,A,95
bella.tran871@sjsu.edu,Bella,Tran,DATA200,B+,89
julia.brown872@sjsu.edu,Julia,Brown,DATA200,D,65
fiona.garcia873@sjsu.edu,Fiona,Garcia,DATA200,C-,70
bella.lopez874@sjsu.edu,Bella,Lopez,DATA200,B,86
fiona.anderson875@sjsu.edu,Fiona,Anderson,DATA200,B-,81
bella.nguyen876@sjsu.edu,Bella,Nguyen,DATA200,D,66
hannah.wilson877@sjsu.edu,Hannah,Wilson,DATA200,D+,68
george.smith878@sjsu.edu,George,Smith,DATA200,D+,69
ivan.smith879@sjsu.edu,Ivan,Smith,DATA200,D-,61
george.tran880@sjsu.edu,George,Tran,DATA200,C,76
julia.wilson881@sjsu.edu,Julia,Wilson,DATA200,A-,90
bella.lee882@sjsu.edu,Bella,Lee,DATA200,D+,68
chris.lee883@sjsu.edu,Chris,Lee,DATA200,D,63
fiona.smith884@sjsu.edu,Fiona,Smith,DATA200,C-,72
julia.anderson885@sjsu.edu,Julia,Anderson,DATA200,A,95
chris.garcia886@sjsu.edu,Chris,Garcia,DATA200,A,99
george.wilson887@sjsu.edu,George,Wilson,DATA200,A,100
george.lopez888@sjsu.edu,George,Lopez,DATA200,B-,80
hannah.anderson889@sjsu.edu,Hannah,Anderson,DATA200,C+,78
diana.nguyen890@sjsu.edu,Diana,Nguyen,DATA200,B+,89
alex.lopez891@sjsu.edu,Alex,Lopez,DATA200,D-,60
hannah.anderson892@sjsu.edu,Hannah,Anderson,DATA200,D+,69
diana.anderson893@sjsu.edu,Diana,Anderson,DATA200,D,65
chris.anderson894@sjsu.edu,Chris,Anderson,DATA200,D+,69
julia.wilson895@sjsu.edu,Julia,Wilson,DATA200,B,86
hannah.tran896@sjsu.edu,Hannah,Tran,DATA200,B+,87
eric.lopez897@sjsu.edu,Eric,Lopez,DATA200,B+,88
eric.brown898@sjsu.edu,Eric,Brown,DATA200,B+,88
diana.nguyen899@sjsu.edu,Diana,Nguyen,DATA200,B-,81
alex.lopez900@sjsu.edu,Alex,Lopez,DATA200,D,66
fiona.anderson901@sjsu.edu,Fiona,Anderson,DATA200,B+,87
george.garcia902@sjsu.edu,George,Garcia,DATA200,D,63
ivan.garcia903@sjsu.edu,Ivan,Garcia,DATA200,D+,67
julia.tran904@sjsu.edu,Julia,Tran,DATA200,D,64
hannah.wilson905@sjsu.edu,Hannah,Wilson,DATA200,B,84
george.lee906@sjsu.edu,George,Lee,DATA200,A,93
diana.nguyen907@sjsu.edu,Diana,Nguyen,DATA200,C-,70
alex.tran908@sjsu.edu,Alex,Tran,DATA200,D,65
george.garcia909@sjsu.edu,George,Garcia,DATA200,B+,89
diana.tran910@sjsu.edu,Diana,Tran,DATA200,B+,89
julia.wilson911@sjsu.edu,Julia,Wilson,DATA200,C,75
fiona.smith912@sjsu.edu,Fiona,Smith,DATA200,B,85
bella.tran913@sjsu.edu,Bella,Tran,DATA200,B,84
alex.nguyen914@sjsu.edu,Alex,Nguyen,DATA200,D,64
george.smith915@sjsu.edu,George,Smith,DATA200,A-,92
diana.lopez916@sjsu.edu,Diana,Lopez,DATA200,D+,68
george.anderson917@sjsu.edu,George,Anderson,DATA200,A,93
fiona.smith918@sjsu.edu,Fiona,Smith,DATA200,C+,77
diana.clark919@sjsu.edu,Diana,Clark,DATA200,A,97
julia.lee920@sjsu.edu,Julia,Lee,DATA200,C,75
bella.brown921@sjsu.edu,Bella,Brown,DATA200,A-,91
eric.lopez922@sjsu.edu,Eric,Lopez,DATA200,B+,87
chris.lee923@sjsu.edu,Chris,Lee,DATA200,B+,89
bella.tran924@sjsu.edu,Bella,Tran,DATA200,C-,70
eric.garcia925@sjsu.edu,Eric,Garcia,DATA200,D+,69
hannah.garcia926@sjsu.edu,Hannah,Garcia,DATA200,B,83
julia.lee927@sjsu.edu,Julia,Lee,DATA200,B+,89
chris.clark928@sjsu.edu,Chris,Clark,DATA200,C,76
julia.garcia929@sjsu.edu,Julia,Garcia,DATA200,C,75
eric.nguyen930@sjsu.edu,Eric,Nguyen,DATA200,D+,67
alex.anderson931@sjsu.edu,Alex,Anderson,DATA200,C+,79
alex.lee932@sjsu.edu,Alex,Lee,DATA200,D+,69
diana.smith933@sjsu.edu,Diana,Smith,DATA200,A,96
alex.brown934@sjsu.edu,Alex,Brown,DATA200,A-,90
eric.anderson935@sjsu.edu,Eric,Anderson,DATA200,C,73
fiona.lopez936@sjsu.edu,Fiona,Lopez,DATA200,D,63
hannah.lopez937@sjsu.edu,Hannah,Lopez,DATA200,D,65
ivan.nguyen938@sjsu.edu,Ivan,Nguyen,DATA200,B,85
bella.nguyen939@sjsu.edu,Bella,Nguyen,DATA200,A-,92
hannah.nguyen940@sjsu.edu,Hannah,Nguyen,DATA200,D,65
alex.brown941@sjsu.edu,Alex,Brown,DATA200,B,85
alex.tran942@sjsu.edu,Alex,Tran,DATA200,B+,87
bella.tran943@sjsu.edu,Bella,Tran,DATA200,B-,80
diana.brown944@sjsu.edu,Diana,Brown,DATA200,D,65
alex.wilson945@sjsu.edu,Alex,Wilson,DATA200,C+,77
fiona.wilson946@sjsu.edu,Fiona,Wilson,DATA200,A-,91
ivan.lopez947@sjsu.edu,Ivan,Lopez,DATA200,A,98
hannah.lopez948@sjsu.edu,Hannah,Lopez,DATA200,D-,62
alex.wilson949@sjsu.edu,Alex,Wilson,DATA200,B-,80
diana.garcia950@sjsu.edu,Diana,Garcia,DATA200,C,76
ivan.lopez951@sjsu.edu,Ivan,Lopez,DATA200,C+,78
diana.lopez952@sjsu.edu,Diana,Lopez,DATA200,D,66
chris.garcia953@sjsu.edu,Chris,Garcia,DATA200,D-,62
chris.brown954@sjsu.edu,Chris,Brown,DATA200,D-,60
julia.wilson955@sjsu.edu,Julia,Wilson,DATA200,C,75
chris.tran956@sjsu.edu,Chris,Tran,DATA200,B-,81
hannah.smith957@sjsu.edu,Hannah,Smith,DATA200,D-,62
fiona.garcia958@sjsu.edu,Fiona,Garcia,DATA200,D,65
george.brown959@sjsu.edu,George,Brown,DATA200,A,94
julia.nguyen960@sjsu.edu,Julia,Nguyen,DATA200,D,63
chris.smith961@sjsu.edu,Chris,Smith,DATA200,A,98
hannah.nguyen962@sjsu.edu,Hannah,Nguyen,DATA200,B,85
bella.lopez963@sjsu.edu,Bella,Lopez,DATA200,C,74
alex.brown964@sjsu.edu,Alex,Brown,DATA200,B,86
bella.garcia965@sjsu.edu,Bella,Garcia,DATA200,C-,70
julia.smith966@sjsu.edu,Julia,Smith,DATA200,D-,61
george.clark967@sjsu.edu,George,Clark,DATA200,A-,90
fiona.tran968@sjsu.edu,Fiona,Tran,DATA200,A,99
eric.tran969@sjsu.edu,Eric,Tran,DATA200,A,99
alex.smith970@sjsu.edu,Alex,Smith,DATA200,C-,71
alex.brown971@sjsu.edu,Alex,Brown,DATA200,A,93
george.wilson972@sjsu.edu,George,Wilson,DATA200,C,73
ivan.nguyen973@sjsu.edu,Ivan,Nguyen,DATA200,C,73
fiona.garcia974@sjsu.edu,Fiona,Garcia,DATA200,B,84
julia.wilson975@sjsu.edu,Julia,Wilson,DATA200,B-,80
alex.lopez976@sjsu.edu,Alex,Lopez,DATA200,A-,90
alex.anderson977@sjsu.edu,Alex,Anderson,DATA200,D-,62
chris.garcia978@sjsu.edu,Chris,Garcia,DATA200,A,98
george.lee979@sjsu.edu,George,Lee,DATA200,A,97
diana.smith980@sjsu.edu,Diana,Smith,DATA200,C,74
fiona.clark981@sjsu.edu,Fiona,Clark,DATA200,C,73
george.clark982@sjsu.edu,George,Clark,DATA200,D-,61
ivan.smith983@sjsu.edu,Ivan,Smith,DATA200,C,74
hannah.clark984@sjsu.edu,Hannah,Clark,DATA200,C+,77
diana.wilson985@sjsu.edu,Diana,Wilson,DATA200,B,86
bella.lee986@sjsu.edu,Bella,Lee,DATA200,A,93
diana.nguyen987@sjsu.edu,Diana,Nguyen,DATA200,A,99
alex.lopez988@sjsu.edu,Alex,Lopez,DATA200,D-,61
alex.tran989@sjsu.edu,Alex,Tran,DATA200,B,85
diana.lee990@sjsu.edu,Diana,Lee,DATA200,C+,77
julia.lopez991@sjsu.edu,Julia,Lopez,DATA200,A-,92
chris.tran992@sjsu.edu,Chris,Tran,DATA200,A,97
bella.tran993@sjsu.edu,Bella,Tran,DATA200,D+,69
fiona.lopez994@sjsu.edu,Fiona,Lopez,DATA200,B,86
ivan.lopez995@sjsu.edu,Ivan,Lopez,DATA200,C,74
julia.wilson996@sjsu.edu,Julia,Wilson,DATA200,A-,90
chris.tran997@sjsu.edu,Chris,Tran,DATA200,C-,70
ivan.lopez998@sjsu.edu,Ivan,Lopez,DATA200,C-,70
george.anderson999@sjsu.edu,George,Anderson,DATA200,C,73
